image_id,image_path,official_split,image_width,image_height,image_channels,ma_mask_path,he_mask_path,ex_mask_path,se_mask_path,optic_disc_mask_path,ma_mask_present,he_mask_present,ex_mask_present,se_mask_present,optic_disc_mask_present,ma_foreground_pixels,he_foreground_pixels,ex_foreground_pixels,se_foreground_pixels,optic_disc_foreground_pixels
IDRiD_01,D:\SIH_Dataset\IDRID\A. Segmentation\A. Segmentation\1. Original Images\a. Training Set\IDRiD_01.jpg,TRAIN,4288,2848,3,D:\SIH_Dataset\IDRID\A. Segmentation\A. Segmentation\2. All Segmentation Groundtruths\a. Training Set\1. Microaneurysms\IDRiD_01_MA.tif,D:\SIH_Dataset\IDRID\A. Segmentation\A. Segmentation\2. All Segmentation Groundtruths\a. Training Set\2. Haemorrhages\IDRiD_01_HE.tif,D:\SIH_Dataset\IDRID\A. Segmentation\A. Segmentation\2. All Segmentation Groundtruths\a. Training Set\3. Hard Exudates\IDRiD_01_EX.tif,NA,D:\SIH_Dataset\IDRID\A. Segmentation\A. Segmentation\2. All Segmentation Groundtruths\a. Training Set\5. Optic Disc\IDRiD_01_OD.tif,1,1,1,0,1,6941,35430,113286,0,213851
IDRiD_02,D:\SIH_Dataset\IDRID\A. Segmentation\A. Segmentation\1. Original Images\a. Training Set\IDRiD_02.jpg,TRAIN,4288,2848,3,D:\SIH_Dataset\IDRID\A. Segmentation\A. Segmentation\2. All Segmentation Groundtruths\a. Training Set\1. Microaneurysms\IDRiD_02_MA.tif,D:\SIH_Dataset\IDRID\A. Segmentation\A. Segmentation\2. All Segmentation Groundtruths\a. Training Set\2. Haemorrhages\IDRiD_02_HE.tif,D:\SIH_Dataset\IDRID\A. Segmentation\A. Segmentation\2. All Segmentation Groundtruths\a. Training Set\3. Hard Exudates\IDRiD_02_EX.tif,NA,D:\SIH_Dataset\IDRID\A. Segmentation\A. Segmentation\2. All Segmentation Groundtruths\a. Training Set\5. Optic Disc\IDRiD_02_OD.tif,1,1,1,0,1,9446,17356,135394,0,203568
IDRiD_03,D:\SIH_Dataset\IDRID\A. Segmentation\A. Segmentation\1. Original Images\a. Training Set\IDRiD_03.jpg,TRAIN,4288,2848,3,D:\SIH_Dataset\IDRID\A. Segmentation\A. Segmentation\2. All Segmentation Groundtruths\a. Training Set\1. Microaneurysms\IDRiD_03_MA.tif,D:\SIH_Dataset\IDRID\A. Segmentation\A. Segmentation\2. All Segmentation Groundtruths\a. Training Set\2. Haemorrhages\IDRiD_03_HE.tif,D:\SIH_Dataset\IDRID\A. Segmentation\A. Segmentation\2. All Segmentation Groundtruths\a. Training Set\3. Hard Exudates\IDRiD_03_EX.tif,D:\SIH_Dataset\IDRID\A. Segmentation\A. Segmentation\2. All Segmentation Groundtruths\a. Training Set\4. Soft Exudates\IDRiD_03_SE.tif,D:\SIH_Dataset\IDRID\A. Segmentation\A. Segmentation\2. All Segmentation Groundtruths\a. Training Set\5. Optic Disc\IDRiD_03_OD.tif,1,1,1,1,1,11288,162605,301586,3318,239059
IDRiD_04,D:\SIH_Dataset\IDRID\A. Segmentation\A. Segmentation\1. Original Images\a. Training Set\IDRiD_04.jpg,TRAIN,4288,2848,3,D:\SIH_Dataset\IDRID\A. Segmentation\A. Segmentation\2. All Segmentation Groundtruths\a. Training Set\1. Microaneurysms\IDRiD_04_MA.tif,D:\SIH_Dataset\IDRID\A. Segmentation\A. Segmentation\2. All Segmentation Groundtruths\a. Training Set\2. Haemorrhages\IDRiD_04_HE.tif,D:\SIH_Dataset\IDRID\A. Segmentation\A. Segmentation\2. All Segmentation Groundtruths\a. Training Set\3. Hard Exudates\IDRiD_04_EX.tif,NA,D:\SIH_Dataset\IDRID\A. Segmentation\A. Segmentation\2. All Segmentation Groundtruths\a. Training Set\5. Optic Disc\IDRiD_04_OD.tif,1,1,1,0,1,804,59383,5557,0,183591
IDRiD_05,D:\SIH_Dataset\IDRID\A. Segmentation\A. Segmentation\1. Original Images\a. Training Set\IDRiD_05.jpg,TRAIN,4288,2848,3,D:\SIH_Dataset\IDRID\A. Segmentation\A. Segmentation\2. All Segmentation Groundtruths\a. Training Set\1. Microaneurysms\IDRiD_05_MA.tif,D:\SIH_Dataset\IDRID\A. Segmentation\A. Segmentation\2. All Segmentation Groundtruths\a. Training Set\2. Haemorrhages\IDRiD_05_HE.tif,D:\SIH_Dataset\IDRID\A. Segmentation\A. Segmentation\2. All Segmentation Groundtruths\a. Training Set\3. Hard Exudates\IDRiD_05_EX.tif,NA,D:\SIH_Dataset\IDRID\A. Segmentation\A. Segmentation\2. All Segmentation Groundtruths\a. Training Set\5. Optic Disc\IDRiD_05_OD.tif,1,1,1,0,1,3994,9850,8286,0,216213
IDRiD_06,D:\SIH_Dataset\IDRID\A. Segmentation\A. Segmentation\1. Original Images\a. Training Set\IDRiD_06.jpg,TRAIN,4288,2848,3,D:\SIH_Dataset\IDRID\A. Segmentation\A. Segmentation\2. All Segmentation Groundtruths\a. Training Set\1. Microaneurysms\IDRiD_06_MA.tif,D:\SIH_Dataset\IDRID\A. Segmentation\A. Segmentation\2. All Segmentation Groundtruths\a. Training Set\2. Haemorrhages\IDRiD_06_HE.tif,D:\SIH_Dataset\IDRID\A. Segmentation\A. Segmentation\2. All Segmentation Groundtruths\a. Training Set\3. Hard Exudates\IDRiD_06_EX.tif,NA,D:\SIH_Dataset\IDRID\A. Segmentation\A. Segmentation\2. All Segmentation Groundtruths\a. Training Set\5. Optic Disc\IDRiD_06_OD.tif,1,1,1,0,1,9923,25507,59053,0,271648
IDRiD_07,D:\SIH_Dataset\IDRID\A. Segmentation\A. Segmentation\1. Original Images\a. Training Set\IDRiD_07.jpg,TRAIN,4288,2848,3,D:\SIH_Dataset\IDRID\A. Segmentation\A. Segmentation\2. All Segmentation Groundtruths\a. Training Set\1. Microaneurysms\IDRiD_07_MA.tif,D:\SIH_Dataset\IDRID\A. Segmentation\A. Segmentation\2. All Segmentation Groundtruths\a. Training Set\2. Haemorrhages\IDRiD_07_HE.tif,D:\SIH_Dataset\IDRID\A. Segmentation\A. Segmentation\2. All Segmentation Groundtruths\a. Training Set\3. Hard Exudates\IDRiD_07_EX.tif,NA,D:\SIH_Dataset\IDRID\A. Segmentation\A. Segmentation\2. All Segmentation Groundtruths\a. Training Set\5. Optic Disc\IDRiD_07_OD.tif,1,1,1,0,1,12623,31951,167489,0,205432
IDRiD_08,D:\SIH_Dataset\IDRID\A. Segmentation\A. Segmentation\1. Original Images\a. Training Set\IDRiD_08.jpg,TRAIN,4288,2848,3,D:\SIH_Dataset\IDRID\A. Segmentation\A. Segmentation\2. All Segmentation Groundtruths\a. Training Set\1. Microaneurysms\IDRiD_08_MA.tif,D:\SIH_Dataset\IDRID\A. Segmentation\A. Segmentation\2. All Segmentation Groundtruths\a. Training Set\2. Haemorrhages\IDRiD_08_HE.tif,D:\SIH_Dataset\IDRID\A. Segmentation\A. Segmentation\2. All Segmentation Groundtruths\a. Training Set\3. Hard Exudates\IDRiD_08_EX.tif,D:\SIH_Dataset\IDRID\A. Segmentation\A. Segmentation\2. All Segmentation Groundtruths\a. Training Set\4. Soft Exudates\IDRiD_08_SE.tif,D:\SIH_Dataset\IDRID\A. Segmentation\A. Segmentation\2. All Segmentation Groundtruths\a. Training Set\5. Optic Disc\IDRiD_08_OD.tif,1,1,1,1,1,4188,37203,20368,38340,205755
IDRiD_09,D:\SIH_Dataset\IDRID\A. Segmentation\A. Segmentation\1. Original Images\a. Training Set\IDRiD_09.jpg,TRAIN,4288,2848,3,D:\SIH_Dataset\IDRID\A. Segmentation\A. Segmentation\2. All Segmentation Groundtruths\a. Training Set\1. Microaneurysms\IDRiD_09_MA.tif,D:\SIH_Dataset\IDRID\A. Segmentation\A. Segmentation\2. All Segmentation Groundtruths\a. Training Set\2. Haemorrhages\IDRiD_09_HE.tif,D:\SIH_Dataset\IDRID\A. Segmentation\A. Segmentation\2. All Segmentation Groundtruths\a. Training Set\3. Hard Exudates\IDRiD_09_EX.tif,NA,D:\SIH_Dataset\IDRID\A. Segmentation\A. Segmentation\2. All Segmentation Groundtruths\a. Training Set\5. Optic Disc\IDRiD_09_OD.tif,1,1,1,0,1,35141,84849,254276,0,259259
IDRiD_10,D:\SIH_Dataset\IDRID\A. Segmentation\A. Segmentation\1. Original Images\a. Training Set\IDRiD_10.jpg,TRAIN,4288,2848,3,D:\SIH_Dataset\IDRID\A. Segmentation\A. Segmentation\2. All Segmentation Groundtruths\a. Training Set\1. Microaneurysms\IDRiD_10_MA.tif,D:\SIH_Dataset\IDRID\A. Segmentation\A. Segmentation\2. All Segmentation Groundtruths\a. Training Set\2. Haemorrhages\IDRiD_10_HE.tif,D:\SIH_Dataset\IDRID\A. Segmentation\A. Segmentation\2. All Segmentation Groundtruths\a. Training Set\3. Hard Exudates\IDRiD_10_EX.tif,NA,D:\SIH_Dataset\IDRID\A. Segmentation\A. Segmentation\2. All Segmentation Groundtruths\a. Training Set\5. Optic Disc\IDRiD_10_OD.tif,1,1,1,0,1,33484,92658,805250,0,214988
IDRiD_11,D:\SIH_Dataset\IDRID\A. Segmentation\A. Segmentation\1. Original Images\a. Training Set\IDRiD_11.jpg,TRAIN,4288,2848,3,D:\SIH_Dataset\IDRID\A. Segmentation\A. Segmentation\2. All Segmentation Groundtruths\a. Training Set\1. Microaneurysms\IDRiD_11_MA.tif,D:\SIH_Dataset\IDRID\A. Segmentation\A. Segmentation\2. All Segmentation Groundtruths\a. Training Set\2. Haemorrhages\IDRiD_11_HE.tif,D:\SIH_Dataset\IDRID\A. Segmentation\A. Segmentation\2. All Segmentation Groundtruths\a. Training Set\3. Hard Exudates\IDRiD_11_EX.tif,NA,D:\SIH_Dataset\IDRID\A. Segmentation\A. Segmentation\2. All Segmentation Groundtruths\a. Training Set\5. Optic Disc\IDRiD_11_OD.tif,1,1,1,0,1,21345,56797,291123,0,203119
IDRiD_12,D:\SIH_Dataset\IDRID\A. Segmentation\A. Segmentation\1. Original Images\a. Training Set\IDRiD_12.jpg,TRAIN,4288,2848,3,D:\SIH_Dataset\IDRID\A. Segmentation\A. Segmentation\2. All Segmentation Groundtruths\a. Training Set\1. Microaneurysms\IDRiD_12_MA.tif,D:\SIH_Dataset\IDRID\A. Segmentation\A. Segmentation\2. All Segmentation Groundtruths\a. Training Set\2. Haemorrhages\IDRiD_12_HE.tif,D:\SIH_Dataset\IDRID\A. Segmentation\A. Segmentation\2. All Segmentation Groundtruths\a. Training Set\3. Hard Exudates\IDRiD_12_EX.tif,NA,D:\SIH_Dataset\IDRID\A. Segmentation\A. Segmentation\2. All Segmentation Groundtruths\a. Training Set\5. Optic Disc\IDRiD_12_OD.tif,1,1,1,0,1,3952,26843,6626,0,337365
IDRiD_13,D:\SIH_Dataset\IDRID\A. Segmentation\A. Segmentation\1. Original Images\a. Training Set\IDRiD_13.jpg,TRAIN,4288,2848,3,D:\SIH_Dataset\IDRID\A. Segmentation\A. Segmentation\2. All Segmentation Groundtruths\a. Training Set\1. Microaneurysms\IDRiD_13_MA.tif,D:\SIH_Dataset\IDRID\A. Segmentation\A. Segmentation\2. All Segmentation Groundtruths\a. Training Set\2. Haemorrhages\IDRiD_13_HE.tif,D:\SIH_Dataset\IDRID\A. Segmentation\A. Segmentation\2. All Segmentation Groundtruths\a. Training Set\3. Hard Exudates\IDRiD_13_EX.tif,D:\SIH_Dataset\IDRID\A. Segmentation\A. Segmentation\2. All Segmentation Groundtruths\a. Training Set\4. Soft Exudates\IDRiD_13_SE.tif,D:\SIH_Dataset\IDRID\A. Segmentation\A. Segmentation\2. All Segmentation Groundtruths\a. Training Set\5. Optic Disc\IDRiD_13_OD.tif,1,1,1,1,1,34267,37412,214397,71243,216047
IDRiD_14,D:\SIH_Dataset\IDRID\A. Segmentation\A. Segmentation\1. Original Images\a. Training Set\IDRiD_14.jpg,TRAIN,4288,2848,3,D:\SIH_Dataset\IDRID\A. Segmentation\A. Segmentation\2. All Segmentation Groundtruths\a. Training Set\1. Microaneurysms\IDRiD_14_MA.tif,D:\SIH_Dataset\IDRID\A. Segmentation\A. Segmentation\2. All Segmentation Groundtruths\a. Training Set\2. Haemorrhages\IDRiD_14_HE.tif,D:\SIH_Dataset\IDRID\A. Segmentation\A. Segmentation\2. All Segmentation Groundtruths\a. Training Set\3. Hard Exudates\IDRiD_14_EX.tif,D:\SIH_Dataset\IDRID\A. Segmentation\A. Segmentation\2. All Segmentation Groundtruths\a. Training Set\4. Soft Exudates\IDRiD_14_SE.tif,D:\SIH_Dataset\IDRID\A. Segmentation\A. Segmentation\2. All Segmentation Groundtruths\a. Training Set\5. Optic Disc\IDRiD_14_OD.tif,1,1,1,1,1,25362,62616,165659,10855,226387
IDRiD_15,D:\SIH_Dataset\IDRID\A. Segmentation\A. Segmentation\1. Original Images\a. Training Set\IDRiD_15.jpg,TRAIN,4288,2848,3,D:\SIH_Dataset\IDRID\A. Segmentation\A. Segmentation\2. All Segmentation Groundtruths\a. Training Set\1. Microaneurysms\IDRiD_15_MA.tif,D:\SIH_Dataset\IDRID\A. Segmentation\A. Segmentation\2. All Segmentation Groundtruths\a. Training Set\2. Haemorrhages\IDRiD_15_HE.tif,D:\SIH_Dataset\IDRID\A. Segmentation\A. Segmentation\2. All Segmentation Groundtruths\a. Training Set\3. Hard Exudates\IDRiD_15_EX.tif,NA,D:\SIH_Dataset\IDRID\A. Segmentation\A. Segmentation\2. All Segmentation Groundtruths\a. Training Set\5. Optic Disc\IDRiD_15_OD.tif,1,1,1,0,1,2042,3215,42697,0,280146
IDRiD_16,D:\SIH_Dataset\IDRID\A. Segmentation\A. Segmentation\1. Original Images\a. Training Set\IDRiD_16.jpg,TRAIN,4288,2848,3,D:\SIH_Dataset\IDRID\A. Segmentation\A. Segmentation\2. All Segmentation Groundtruths\a. Training Set\1. Microaneurysms\IDRiD_16_MA.tif,D:\SIH_Dataset\IDRID\A. Segmentation\A. Segmentation\2. All Segmentation Groundtruths\a. Training Set\2. Haemorrhages\IDRiD_16_HE.tif,D:\SIH_Dataset\IDRID\A. Segmentation\A. Segmentation\2. All Segmentation Groundtruths\a. Training Set\3. Hard Exudates\IDRiD_16_EX.tif,NA,D:\SIH_Dataset\IDRID\A. Segmentation\A. Segmentation\2. All Segmentation Groundtruths\a. Training Set\5. Optic Disc\IDRiD_16_OD.tif,1,1,1,0,1,3872,18663,115804,0,291732
IDRiD_17,D:\SIH_Dataset\IDRID\A. Segmentation\A. Segmentation\1. Original Images\a. Training Set\IDRiD_17.jpg,TRAIN,4288,2848,3,D:\SIH_Dataset\IDRID\A. Segmentation\A. Segmentation\2. All Segmentation Groundtruths\a. Training Set\1. Microaneurysms\IDRiD_17_MA.tif,D:\SIH_Dataset\IDRID\A. Segmentation\A. Segmentation\2. All Segmentation Groundtruths\a. Training Set\2. Haemorrhages\IDRiD_17_HE.tif,D:\SIH_Dataset\IDRID\A. Segmentation\A. Segmentation\2. All Segmentation Groundtruths\a. Training Set\3. Hard Exudates\IDRiD_17_EX.tif,D:\SIH_Dataset\IDRID\A. Segmentation\A. Segmentation\2. All Segmentation Groundtruths\a. Training Set\4. Soft Exudates\IDRiD_17_SE.tif,D:\SIH_Dataset\IDRID\A. Segmentation\A. Segmentation\2. All Segmentation Groundtruths\a. Training Set\5. Optic Disc\IDRiD_17_OD.tif,1,1,1,1,1,14207,1821322,201316,48111,202624
IDRiD_18,D:\SIH_Dataset\IDRID\A. Segmentation\A. Segmentation\1. Original Images\a. Training Set\IDRiD_18.jpg,TRAIN,4288,2848,3,D:\SIH_Dataset\IDRID\A. Segmentation\A. Segmentation\2. All Segmentation Groundtruths\a. Training Set\1. Microaneurysms\IDRiD_18_MA.tif,D:\SIH_Dataset\IDRID\A. Segmentation\A. Segmentation\2. All Segmentation Groundtruths\a. Training Set\2. Haemorrhages\IDRiD_18_HE.tif,D:\SIH_Dataset\IDRID\A. Segmentation\A. Segmentation\2. All Segmentation Groundtruths\a. Training Set\3. Hard Exudates\IDRiD_18_EX.tif,D:\SIH_Dataset\IDRID\A. Segmentation\A. Segmentation\2. All Segmentation Groundtruths\a. Training Set\4. Soft Exudates\IDRiD_18_SE.tif,D:\SIH_Dataset\IDRID\A. Segmentation\A. Segmentation\2. All Segmentation Groundtruths\a. Training Set\5. Optic Disc\IDRiD_18_OD.tif,1,1,1,1,1,24706,89854,106281,40970,229440
IDRiD_19,D:\SIH_Dataset\IDRID\A. Segmentation\A. Segmentation\1. Original Images\a. Training Set\IDRiD_19.jpg,TRAIN,4288,2848,3,D:\SIH_Dataset\IDRID\A. Segmentation\A. Segmentation\2. All Segmentation Groundtruths\a. Training Set\1. Microaneurysms\IDRiD_19_MA.tif,D:\SIH_Dataset\IDRID\A. Segmentation\A. Segmentation\2. All Segmentation Groundtruths\a. Training Set\2. Haemorrhages\IDRiD_19_HE.tif,D:\SIH_Dataset\IDRID\A. Segmentation\A. Segmentation\2. All Segmentation Groundtruths\a. Training Set\3. Hard Exudates\IDRiD_19_EX.tif,D:\SIH_Dataset\IDRID\A. Segmentation\A. Segmentation\2. All Segmentation Groundtruths\a. Training Set\4. Soft Exudates\IDRiD_19_SE.tif,D:\SIH_Dataset\IDRID\A. Segmentation\A. Segmentation\2. All Segmentation Groundtruths\a. Training Set\5. Optic Disc\IDRiD_19_OD.tif,1,1,1,1,1,6092,62604,17431,81903,222880
IDRiD_20,D:\SIH_Dataset\IDRID\A. Segmentation\A. Segmentation\1. Original Images\a. Training Set\IDRiD_20.jpg,TRAIN,4288,2848,3,D:\SIH_Dataset\IDRID\A. Segmentation\A. Segmentation\2. All Segmentation Groundtruths\a. Training Set\1. Microaneurysms\IDRiD_20_MA.tif,D:\SIH_Dataset\IDRID\A. Segmentation\A. Segmentation\2. All Segmentation Groundtruths\a. Training Set\2. Haemorrhages\IDRiD_20_HE.tif,D:\SIH_Dataset\IDRID\A. Segmentation\A. Segmentation\2. All Segmentation Groundtruths\a. Training Set\3. Hard Exudates\IDRiD_20_EX.tif,NA,D:\SIH_Dataset\IDRID\A. Segmentation\A. Segmentation\2. All Segmentation Groundtruths\a. Training Set\5. Optic Disc\IDRiD_20_OD.tif,1,1,1,0,1,26027,66672,183732,0,268686
IDRiD_21,D:\SIH_Dataset\IDRID\A. Segmentation\A. Segmentation\1. Original Images\a. Training Set\IDRiD_21.jpg,TRAIN,4288,2848,3,D:\SIH_Dataset\IDRID\A. Segmentation\A. Segmentation\2. All Segmentation Groundtruths\a. Training Set\1. Microaneurysms\IDRiD_21_MA.tif,D:\SIH_Dataset\IDRID\A. Segmentation\A. Segmentation\2. All Segmentation Groundtruths\a. Training Set\2. Haemorrhages\IDRiD_21_HE.tif,D:\SIH_Dataset\IDRID\A. Segmentation\A. Segmentation\2. All Segmentation Groundtruths\a. Training Set\3. Hard Exudates\IDRiD_21_EX.tif,NA,D:\SIH_Dataset\IDRID\A. Segmentation\A. Segmentation\2. All Segmentation Groundtruths\a. Training Set\5. Optic Disc\IDRiD_21_OD.tif,1,1,1,0,1,21573,102308,192428,0,262202
IDRiD_22,D:\SIH_Dataset\IDRID\A. Segmentation\A. Segmentation\1. Original Images\a. Training Set\IDRiD_22.jpg,TRAIN,4288,2848,3,D:\SIH_Dataset\IDRID\A. Segmentation\A. Segmentation\2. All Segmentation Groundtruths\a. Training Set\1. Microaneurysms\IDRiD_22_MA.tif,D:\SIH_Dataset\IDRID\A. Segmentation\A. Segmentation\2. All Segmentation Groundtruths\a. Training Set\2. Haemorrhages\IDRiD_22_HE.tif,D:\SIH_Dataset\IDRID\A. Segmentation\A. Segmentation\2. All Segmentation Groundtruths\a. Training Set\3. Hard Exudates\IDRiD_22_EX.tif,D:\SIH_Dataset\IDRID\A. Segmentation\A. Segmentation\2. All Segmentation Groundtruths\a. Training Set\4. Soft Exudates\IDRiD_22_SE.tif,D:\SIH_Dataset\IDRID\A. Segmentation\A. Segmentation\2. All Segmentation Groundtruths\a. Training Set\5. Optic Disc\IDRiD_22_OD.tif,1,1,1,1,1,10367,254991,94020,108091,184811
IDRiD_23,D:\SIH_Dataset\IDRID\A. Segmentation\A. Segmentation\1. Original Images\a. Training Set\IDRiD_23.jpg,TRAIN,4288,2848,3,D:\SIH_Dataset\IDRID\A. Segmentation\A. Segmentation\2. All Segmentation Groundtruths\a. Training Set\1. Microaneurysms\IDRiD_23_MA.tif,D:\SIH_Dataset\IDRID\A. Segmentation\A. Segmentation\2. All Segmentation Groundtruths\a. Training Set\2. Haemorrhages\IDRiD_23_HE.tif,D:\SIH_Dataset\IDRID\A. Segmentation\A. Segmentation\2. All Segmentation Groundtruths\a. Training Set\3. Hard Exudates\IDRiD_23_EX.tif,D:\SIH_Dataset\IDRID\A. Segmentation\A. Segmentation\2. All Segmentation Groundtruths\a. Training Set\4. Soft Exudates\IDRiD_23_SE.tif,D:\SIH_Dataset\IDRID\A. Segmentation\A. Segmentation\2. All Segmentation Groundtruths\a. Training Set\5. Optic Disc\IDRiD_23_OD.tif,1,1,1,1,1,4531,111482,14812,59663,225739
IDRiD_24,D:\SIH_Dataset\IDRID\A. Segmentation\A. Segmentation\1. Original Images\a. Training Set\IDRiD_24.jpg,TRAIN,4288,2848,3,D:\SIH_Dataset\IDRID\A. Segmentation\A. Segmentation\2. All Segmentation Groundtruths\a. Training Set\1. Microaneurysms\IDRiD_24_MA.tif,D:\SIH_Dataset\IDRID\A. Segmentation\A. Segmentation\2. All Segmentation Groundtruths\a. Training Set\2. Haemorrhages\IDRiD_24_HE.tif,D:\SIH_Dataset\IDRID\A. Segmentation\A. Segmentation\2. All Segmentation Groundtruths\a. Training Set\3. Hard Exudates\IDRiD_24_EX.tif,NA,D:\SIH_Dataset\IDRID\A. Segmentation\A. Segmentation\2. All Segmentation Groundtruths\a. Training Set\5. Optic Disc\IDRiD_24_OD.tif,1,1,1,0,1,1354,27085,8245,0,210359
IDRiD_25,D:\SIH_Dataset\IDRID\A. Segmentation\A. Segmentation\1. Original Images\a. Training Set\IDRiD_25.jpg,TRAIN,4288,2848,3,D:\SIH_Dataset\IDRID\A. Segmentation\A. Segmentation\2. All Segmentation Groundtruths\a. Training Set\1. Microaneurysms\IDRiD_25_MA.tif,D:\SIH_Dataset\IDRID\A. Segmentation\A. Segmentation\2. All Segmentation Groundtruths\a. Training Set\2. Haemorrhages\IDRiD_25_HE.tif,D:\SIH_Dataset\IDRID\A. Segmentation\A. Segmentation\2. All Segmentation Groundtruths\a. Training Set\3. Hard Exudates\IDRiD_25_EX.tif,D:\SIH_Dataset\IDRID\A. Segmentation\A. Segmentation\2. All Segmentation Groundtruths\a. Training Set\4. Soft Exudates\IDRiD_25_SE.tif,D:\SIH_Dataset\IDRID\A. Segmentation\A. Segmentation\2. All Segmentation Groundtruths\a. Training Set\5. Optic Disc\IDRiD_25_OD.tif,1,1,1,1,1,23423,332458,616742,23030,193571
IDRiD_26,D:\SIH_Dataset\IDRID\A. Segmentation\A. Segmentation\1. Original Images\a. Training Set\IDRiD_26.jpg,TRAIN,4288,2848,3,D:\SIH_Dataset\IDRID\A. Segmentation\A. Segmentation\2. All Segmentation Groundtruths\a. Training Set\1. Microaneurysms\IDRiD_26_MA.tif,D:\SIH_Dataset\IDRID\A. Segmentation\A. Segmentation\2. All Segmentation Groundtruths\a. Training Set\2. Haemorrhages\IDRiD_26_HE.tif,D:\SIH_Dataset\IDRID\A. Segmentation\A. Segmentation\2. All Segmentation Groundtruths\a. Training Set\3. Hard Exudates\IDRiD_26_EX.tif,NA,D:\SIH_Dataset\IDRID\A. Segmentation\A. Segmentation\2. All Segmentation Groundtruths\a. Training Set\5. Optic Disc\IDRiD_26_OD.tif,1,1,1,0,1,19627,104527,2506,0,241553
IDRiD_27,D:\SIH_Dataset\IDRID\A. Segmentation\A. Segmentation\1. Original Images\a. Training Set\IDRiD_27.jpg,TRAIN,4288,2848,3,D:\SIH_Dataset\IDRID\A. Segmentation\A. Segmentation\2. All Segmentation Groundtruths\a. Training Set\1. Microaneurysms\IDRiD_27_MA.tif,D:\SIH_Dataset\IDRID\A. Segmentation\A. Segmentation\2. All Segmentation Groundtruths\a. Training Set\2. Haemorrhages\IDRiD_27_HE.tif,D:\SIH_Dataset\IDRID\A. Segmentation\A. Segmentation\2. All Segmentation Groundtruths\a. Training Set\3. Hard Exudates\IDRiD_27_EX.tif,NA,D:\SIH_Dataset\IDRID\A. Segmentation\A. Segmentation\2. All Segmentation Groundtruths\a. Training Set\5. Optic Disc\IDRiD_27_OD.tif,1,1,1,0,1,25746,65344,69734,0,199568
IDRiD_28,D:\SIH_Dataset\IDRID\A. Segmentation\A. Segmentation\1. Original Images\a. Training Set\IDRiD_28.jpg,TRAIN,4288,2848,3,D:\SIH_Dataset\IDRID\A. Segmentation\A. Segmentation\2. All Segmentation Groundtruths\a. Training Set\1. Microaneurysms\IDRiD_28_MA.tif,D:\SIH_Dataset\IDRID\A. Segmentation\A. Segmentation\2. All Segmentation Groundtruths\a. Training Set\2. Haemorrhages\IDRiD_28_HE.tif,D:\SIH_Dataset\IDRID\A. Segmentation\A. Segmentation\2. All Segmentation Groundtruths\a. Training Set\3. Hard Exudates\IDRiD_28_EX.tif,NA,D:\SIH_Dataset\IDRID\A. Segmentation\A. Segmentation\2. All Segmentation Groundtruths\a. Training Set\5. Optic Disc\IDRiD_28_OD.tif,1,1,1,0,1,4805,32395,4725,0,222601
IDRiD_29,D:\SIH_Dataset\IDRID\A. Segmentation\A. Segmentation\1. Original Images\a. Training Set\IDRiD_29.jpg,TRAIN,4288,2848,3,D:\SIH_Dataset\IDRID\A. Segmentation\A. Segmentation\2. All Segmentation Groundtruths\a. Training Set\1. Microaneurysms\IDRiD_29_MA.tif,D:\SIH_Dataset\IDRID\A. Segmentation\A. Segmentation\2. All Segmentation Groundtruths\a. Training Set\2. Haemorrhages\IDRiD_29_HE.tif,D:\SIH_Dataset\IDRID\A. Segmentation\A. Segmentation\2. All Segmentation Groundtruths\a. Training Set\3. Hard Exudates\IDRiD_29_EX.tif,NA,D:\SIH_Dataset\IDRID\A. Segmentation\A. Segmentation\2. All Segmentation Groundtruths\a. Training Set\5. Optic Disc\IDRiD_29_OD.tif,1,1,1,0,1,4525,2149,2343,0,238406
IDRiD_30,D:\SIH_Dataset\IDRID\A. Segmentation\A. Segmentation\1. Original Images\a. Training Set\IDRiD_30.jpg,TRAIN,4288,2848,3,D:\SIH_Dataset\IDRID\A. Segmentation\A. Segmentation\2. All Segmentation Groundtruths\a. Training Set\1. Microaneurysms\IDRiD_30_MA.tif,D:\SIH_Dataset\IDRID\A. Segmentation\A. Segmentation\2. All Segmentation Groundtruths\a. Training Set\2. Haemorrhages\IDRiD_30_HE.tif,D:\SIH_Dataset\IDRID\A. Segmentation\A. Segmentation\2. All Segmentation Groundtruths\a. Training Set\3. Hard Exudates\IDRiD_30_EX.tif,D:\SIH_Dataset\IDRID\A. Segmentation\A. Segmentation\2. All Segmentation Groundtruths\a. Training Set\4. Soft Exudates\IDRiD_30_SE.tif,D:\SIH_Dataset\IDRID\A. Segmentation\A. Segmentation\2. All Segmentation Groundtruths\a. Training Set\5. Optic Disc\IDRiD_30_OD.tif,1,1,1,1,1,7308,53438,22501,14627,192456
IDRiD_31,D:\SIH_Dataset\IDRID\A. Segmentation\A. Segmentation\1. Original Images\a. Training Set\IDRiD_31.jpg,TRAIN,4288,2848,3,D:\SIH_Dataset\IDRID\A. Segmentation\A. Segmentation\2. All Segmentation Groundtruths\a. Training Set\1. Microaneurysms\IDRiD_31_MA.tif,D:\SIH_Dataset\IDRID\A. Segmentation\A. Segmentation\2. All Segmentation Groundtruths\a. Training Set\2. Haemorrhages\IDRiD_31_HE.tif,D:\SIH_Dataset\IDRID\A. Segmentation\A. Segmentation\2. All Segmentation Groundtruths\a. Training Set\3. Hard Exudates\IDRiD_31_EX.tif,D:\SIH_Dataset\IDRID\A. Segmentation\A. Segmentation\2. All Segmentation Groundtruths\a. Training Set\4. Soft Exudates\IDRiD_31_SE.tif,D:\SIH_Dataset\IDRID\A. Segmentation\A. Segmentation\2. All Segmentation Groundtruths\a. Training Set\5. Optic Disc\IDRiD_31_OD.tif,1,1,1,1,1,8156,216935,48998,158077,174243
IDRiD_32,D:\SIH_Dataset\IDRID\A. Segmentation\A. Segmentation\1. Original Images\a. Training Set\IDRiD_32.jpg,TRAIN,4288,2848,3,D:\SIH_Dataset\IDRID\A. Segmentation\A. Segmentation\2. All Segmentation Groundtruths\a. Training Set\1. Microaneurysms\IDRiD_32_MA.tif,D:\SIH_Dataset\IDRID\A. Segmentation\A. Segmentation\2. All Segmentation Groundtruths\a. Training Set\2. Haemorrhages\IDRiD_32_HE.tif,D:\SIH_Dataset\IDRID\A. Segmentation\A. Segmentation\2. All Segmentation Groundtruths\a. Training Set\3. Hard Exudates\IDRiD_32_EX.tif,D:\SIH_Dataset\IDRID\A. Segmentation\A. Segmentation\2. All Segmentation Groundtruths\a. Training Set\4. Soft Exudates\IDRiD_32_SE.tif,D:\SIH_Dataset\IDRID\A. Segmentation\A. Segmentation\2. All Segmentation Groundtruths\a. Training Set\5. Optic Disc\IDRiD_32_OD.tif,1,1,1,1,1,6068,86486,84975,39910,213932
IDRiD_33,D:\SIH_Dataset\IDRID\A. Segmentation\A. Segmentation\1. Original Images\a. Training Set\IDRiD_33.jpg,TRAIN,4288,2848,3,D:\SIH_Dataset\IDRID\A. Segmentation\A. Segmentation\2. All Segmentation Groundtruths\a. Training Set\1. Microaneurysms\IDRiD_33_MA.tif,D:\SIH_Dataset\IDRID\A. Segmentation\A. Segmentation\2. All Segmentation Groundtruths\a. Training Set\2. Haemorrhages\IDRiD_33_HE.tif,D:\SIH_Dataset\IDRID\A. Segmentation\A. Segmentation\2. All Segmentation Groundtruths\a. Training Set\3. Hard Exudates\IDRiD_33_EX.tif,D:\SIH_Dataset\IDRID\A. Segmentation\A. Segmentation\2. All Segmentation Groundtruths\a. Training Set\4. Soft Exudates\IDRiD_33_SE.tif,D:\SIH_Dataset\IDRID\A. Segmentation\A. Segmentation\2. All Segmentation Groundtruths\a. Training Set\5. Optic Disc\IDRiD_33_OD.tif,1,1,1,1,1,36212,330744,58229,5571,231467
IDRiD_34,D:\SIH_Dataset\IDRID\A. Segmentation\A. Segmentation\1. Original Images\a. Training Set\IDRiD_34.jpg,TRAIN,4288,2848,3,D:\SIH_Dataset\IDRID\A. Segmentation\A. Segmentation\2. All Segmentation Groundtruths\a. Training Set\1. Microaneurysms\IDRiD_34_MA.tif,D:\SIH_Dataset\IDRID\A. Segmentation\A. Segmentation\2. All Segmentation Groundtruths\a. Training Set\2. Haemorrhages\IDRiD_34_HE.tif,D:\SIH_Dataset\IDRID\A. Segmentation\A. Segmentation\2. All Segmentation Groundtruths\a. Training Set\3. Hard Exudates\IDRiD_34_EX.tif,NA,D:\SIH_Dataset\IDRID\A. Segmentation\A. Segmentation\2. All Segmentation Groundtruths\a. Training Set\5. Optic Disc\IDRiD_34_OD.tif,1,1,1,0,1,12563,415359,26720,0,186568
IDRiD_35,D:\SIH_Dataset\IDRID\A. Segmentation\A. Segmentation\1. Original Images\a. Training Set\IDRiD_35.jpg,TRAIN,4288,2848,3,D:\SIH_Dataset\IDRID\A. Segmentation\A. Segmentation\2. All Segmentation Groundtruths\a. Training Set\1. Microaneurysms\IDRiD_35_MA.tif,D:\SIH_Dataset\IDRID\A. Segmentation\A. Segmentation\2. All Segmentation Groundtruths\a. Training Set\2. Haemorrhages\IDRiD_35_HE.tif,D:\SIH_Dataset\IDRID\A. Segmentation\A. Segmentation\2. All Segmentation Groundtruths\a. Training Set\3. Hard Exudates\IDRiD_35_EX.tif,D:\SIH_Dataset\IDRID\A. Segmentation\A. Segmentation\2. All Segmentation Groundtruths\a. Training Set\4. Soft Exudates\IDRiD_35_SE.tif,D:\SIH_Dataset\IDRID\A. Segmentation\A. Segmentation\2. All Segmentation Groundtruths\a. Training Set\5. Optic Disc\IDRiD_35_OD.tif,1,1,1,1,1,13997,368997,19873,41300,189183
IDRiD_36,D:\SIH_Dataset\IDRID\A. Segmentation\A. Segmentation\1. Original Images\a. Training Set\IDRiD_36.jpg,TRAIN,4288,2848,3,D:\SIH_Dataset\IDRID\A. Segmentation\A. Segmentation\2. All Segmentation Groundtruths\a. Training Set\1. Microaneurysms\IDRiD_36_MA.tif,D:\SIH_Dataset\IDRID\A. Segmentation\A. Segmentation\2. All Segmentation Groundtruths\a. Training Set\2. Haemorrhages\IDRiD_36_HE.tif,D:\SIH_Dataset\IDRID\A. Segmentation\A. Segmentation\2. All Segmentation Groundtruths\a. Training Set\3. Hard Exudates\IDRiD_36_EX.tif,NA,D:\SIH_Dataset\IDRID\A. Segmentation\A. Segmentation\2. All Segmentation Groundtruths\a. Training Set\5. Optic Disc\IDRiD_36_OD.tif,1,1,1,0,1,9857,58339,5893,0,219306
IDRiD_37,D:\SIH_Dataset\IDRID\A. Segmentation\A. Segmentation\1. Original Images\a. Training Set\IDRiD_37.jpg,TRAIN,4288,2848,3,D:\SIH_Dataset\IDRID\A. Segmentation\A. Segmentation\2. All Segmentation Groundtruths\a. Training Set\1. Microaneurysms\IDRiD_37_MA.tif,D:\SIH_Dataset\IDRID\A. Segmentation\A. Segmentation\2. All Segmentation Groundtruths\a. Training Set\2. Haemorrhages\IDRiD_37_HE.tif,D:\SIH_Dataset\IDRID\A. Segmentation\A. Segmentation\2. All Segmentation Groundtruths\a. Training Set\3. Hard Exudates\IDRiD_37_EX.tif,NA,D:\SIH_Dataset\IDRID\A. Segmentation\A. Segmentation\2. All Segmentation Groundtruths\a. Training Set\5. Optic Disc\IDRiD_37_OD.tif,1,1,1,0,1,6464,50017,25759,0,210717
IDRiD_38,D:\SIH_Dataset\IDRID\A. Segmentation\A. Segmentation\1. Original Images\a. Training Set\IDRiD_38.jpg,TRAIN,4288,2848,3,D:\SIH_Dataset\IDRID\A. Segmentation\A. Segmentation\2. All Segmentation Groundtruths\a. Training Set\1. Microaneurysms\IDRiD_38_MA.tif,D:\SIH_Dataset\IDRID\A. Segmentation\A. Segmentation\2. All Segmentation Groundtruths\a. Training Set\2. Haemorrhages\IDRiD_38_HE.tif,D:\SIH_Dataset\IDRID\A. Segmentation\A. Segmentation\2. All Segmentation Groundtruths\a. Training Set\3. Hard Exudates\IDRiD_38_EX.tif,D:\SIH_Dataset\IDRID\A. Segmentation\A. Segmentation\2. All Segmentation Groundtruths\a. Training Set\4. Soft Exudates\IDRiD_38_SE.tif,D:\SIH_Dataset\IDRID\A. Segmentation\A. Segmentation\2. All Segmentation Groundtruths\a. Training Set\5. Optic Disc\IDRiD_38_OD.tif,1,1,1,1,1,9359,14028,12551,18516,250001
IDRiD_39,D:\SIH_Dataset\IDRID\A. Segmentation\A. Segmentation\1. Original Images\a. Training Set\IDRiD_39.jpg,TRAIN,4288,2848,3,D:\SIH_Dataset\IDRID\A. Segmentation\A. Segmentation\2. All Segmentation Groundtruths\a. Training Set\1. Microaneurysms\IDRiD_39_MA.tif,D:\SIH_Dataset\IDRID\A. Segmentation\A. Segmentation\2. All Segmentation Groundtruths\a. Training Set\2. Haemorrhages\IDRiD_39_HE.tif,D:\SIH_Dataset\IDRID\A. Segmentation\A. Segmentation\2. All Segmentation Groundtruths\a. Training Set\3. Hard Exudates\IDRiD_39_EX.tif,D:\SIH_Dataset\IDRID\A. Segmentation\A. Segmentation\2. All Segmentation Groundtruths\a. Training Set\4. Soft Exudates\IDRiD_39_SE.tif,D:\SIH_Dataset\IDRID\A. Segmentation\A. Segmentation\2. All Segmentation Groundtruths\a. Training Set\5. Optic Disc\IDRiD_39_OD.tif,1,1,1,1,1,38066,250350,18733,85288,249331
IDRiD_40,D:\SIH_Dataset\IDRID\A. Segmentation\A. Segmentation\1. Original Images\a. Training Set\IDRiD_40.jpg,TRAIN,4288,2848,3,D:\SIH_Dataset\IDRID\A. Segmentation\A. Segmentation\2. All Segmentation Groundtruths\a. Training Set\1. Microaneurysms\IDRiD_40_MA.tif,D:\SIH_Dataset\IDRID\A. Segmentation\A. Segmentation\2. All Segmentation Groundtruths\a. Training Set\2. Haemorrhages\IDRiD_40_HE.tif,D:\SIH_Dataset\IDRID\A. Segmentation\A. Segmentation\2. All Segmentation Groundtruths\a. Training Set\3. Hard Exudates\IDRiD_40_EX.tif,NA,D:\SIH_Dataset\IDRID\A. Segmentation\A. Segmentation\2. All Segmentation Groundtruths\a. Training Set\5. Optic Disc\IDRiD_40_OD.tif,1,1,1,0,1,6592,3642,7779,0,282209
IDRiD_41,D:\SIH_Dataset\IDRID\A. Segmentation\A. Segmentation\1. Original Images\a. Training Set\IDRiD_41.jpg,TRAIN,4288,2848,3,D:\SIH_Dataset\IDRID\A. Segmentation\A. Segmentation\2. All Segmentation Groundtruths\a. Training Set\1. Microaneurysms\IDRiD_41_MA.tif,D:\SIH_Dataset\IDRID\A. Segmentation\A. Segmentation\2. All Segmentation Groundtruths\a. Training Set\2. Haemorrhages\IDRiD_41_HE.tif,D:\SIH_Dataset\IDRID\A. Segmentation\A. Segmentation\2. All Segmentation Groundtruths\a. Training Set\3. Hard Exudates\IDRiD_41_EX.tif,NA,D:\SIH_Dataset\IDRID\A. Segmentation\A. Segmentation\2. All Segmentation Groundtruths\a. Training Set\5. Optic Disc\IDRiD_41_OD.tif,1,1,1,0,1,5486,4266,8250,0,209842
IDRiD_42,D:\SIH_Dataset\IDRID\A. Segmentation\A. Segmentation\1. Original Images\a. Training Set\IDRiD_42.jpg,TRAIN,4288,2848,3,D:\SIH_Dataset\IDRID\A. Segmentation\A. Segmentation\2. All Segmentation Groundtruths\a. Training Set\1. Microaneurysms\IDRiD_42_MA.tif,D:\SIH_Dataset\IDRID\A. Segmentation\A. Segmentation\2. All Segmentation Groundtruths\a. Training Set\2. Haemorrhages\IDRiD_42_HE.tif,D:\SIH_Dataset\IDRID\A. Segmentation\A. Segmentation\2. All Segmentation Groundtruths\a. Training Set\3. Hard Exudates\IDRiD_42_EX.tif,NA,D:\SIH_Dataset\IDRID\A. Segmentation\A. Segmentation\2. All Segmentation Groundtruths\a. Training Set\5. Optic Disc\IDRiD_42_OD.tif,1,1,1,0,1,2522,4404,25201,0,234967
IDRiD_43,D:\SIH_Dataset\IDRID\A. Segmentation\A. Segmentation\1. Original Images\a. Training Set\IDRiD_43.jpg,TRAIN,4288,2848,3,D:\SIH_Dataset\IDRID\A. Segmentation\A. Segmentation\2. All Segmentation Groundtruths\a. Training Set\1. Microaneurysms\IDRiD_43_MA.tif,NA,D:\SIH_Dataset\IDRID\A. Segmentation\A. Segmentation\2. All Segmentation Groundtruths\a. Training Set\3. Hard Exudates\IDRiD_43_EX.tif,NA,D:\SIH_Dataset\IDRID\A. Segmentation\A. Segmentation\2. All Segmentation Groundtruths\a. Training Set\5. Optic Disc\IDRiD_43_OD.tif,1,0,1,0,1,914,0,61341,0,221594
IDRiD_44,D:\SIH_Dataset\IDRID\A. Segmentation\A. Segmentation\1. Original Images\a. Training Set\IDRiD_44.jpg,TRAIN,4288,2848,3,D:\SIH_Dataset\IDRID\A. Segmentation\A. Segmentation\2. All Segmentation Groundtruths\a. Training Set\1. Microaneurysms\IDRiD_44_MA.tif,D:\SIH_Dataset\IDRID\A. Segmentation\A. Segmentation\2. All Segmentation Groundtruths\a. Training Set\2. Haemorrhages\IDRiD_44_HE.tif,D:\SIH_Dataset\IDRID\A. Segmentation\A. Segmentation\2. All Segmentation Groundtruths\a. Training Set\3. Hard Exudates\IDRiD_44_EX.tif,NA,D:\SIH_Dataset\IDRID\A. Segmentation\A. Segmentation\2. All Segmentation Groundtruths\a. Training Set\5. Optic Disc\IDRiD_44_OD.tif,1,1,1,0,1,1932,5906,24798,0,130198
IDRiD_45,D:\SIH_Dataset\IDRID\A. Segmentation\A. Segmentation\1. Original Images\a. Training Set\IDRiD_45.jpg,TRAIN,4288,2848,3,D:\SIH_Dataset\IDRID\A. Segmentation\A. Segmentation\2. All Segmentation Groundtruths\a. Training Set\1. Microaneurysms\IDRiD_45_MA.tif,D:\SIH_Dataset\IDRID\A. Segmentation\A. Segmentation\2. All Segmentation Groundtruths\a. Training Set\2. Haemorrhages\IDRiD_45_HE.tif,D:\SIH_Dataset\IDRID\A. Segmentation\A. Segmentation\2. All Segmentation Groundtruths\a. Training Set\3. Hard Exudates\IDRiD_45_EX.tif,NA,D:\SIH_Dataset\IDRID\A. Segmentation\A. Segmentation\2. All Segmentation Groundtruths\a. Training Set\5. Optic Disc\IDRiD_45_OD.tif,1,1,1,0,1,2548,13236,47341,0,122675
IDRiD_46,D:\SIH_Dataset\IDRID\A. Segmentation\A. Segmentation\1. Original Images\a. Training Set\IDRiD_46.jpg,TRAIN,4288,2848,3,D:\SIH_Dataset\IDRID\A. Segmentation\A. Segmentation\2. All Segmentation Groundtruths\a. Training Set\1. Microaneurysms\IDRiD_46_MA.tif,D:\SIH_Dataset\IDRID\A. Segmentation\A. Segmentation\2. All Segmentation Groundtruths\a. Training Set\2. Haemorrhages\IDRiD_46_HE.tif,D:\SIH_Dataset\IDRID\A. Segmentation\A. Segmentation\2. All Segmentation Groundtruths\a. Training Set\3. Hard Exudates\IDRiD_46_EX.tif,D:\SIH_Dataset\IDRID\A. Segmentation\A. Segmentation\2. All Segmentation Groundtruths\a. Training Set\4. Soft Exudates\IDRiD_46_SE.tif,D:\SIH_Dataset\IDRID\A. Segmentation\A. Segmentation\2. All Segmentation Groundtruths\a. Training Set\5. Optic Disc\IDRiD_46_OD.tif,1,1,1,1,1,11628,192856,21191,100367,164170
IDRiD_47,D:\SIH_Dataset\IDRID\A. Segmentation\A. Segmentation\1. Original Images\a. Training Set\IDRiD_47.jpg,TRAIN,4288,2848,3,D:\SIH_Dataset\IDRID\A. Segmentation\A. Segmentation\2. All Segmentation Groundtruths\a. Training Set\1. Microaneurysms\IDRiD_47_MA.tif,D:\SIH_Dataset\IDRID\A. Segmentation\A. Segmentation\2. All Segmentation Groundtruths\a. Training Set\2. Haemorrhages\IDRiD_47_HE.tif,D:\SIH_Dataset\IDRID\A. Segmentation\A. Segmentation\2. All Segmentation Groundtruths\a. Training Set\3. Hard Exudates\IDRiD_47_EX.tif,D:\SIH_Dataset\IDRID\A. Segmentation\A. Segmentation\2. All Segmentation Groundtruths\a. Training Set\4. Soft Exudates\IDRiD_47_SE.tif,D:\SIH_Dataset\IDRID\A. Segmentation\A. Segmentation\2. All Segmentation Groundtruths\a. Training Set\5. Optic Disc\IDRiD_47_OD.tif,1,1,1,1,1,3986,68527,38582,33761,319170
IDRiD_48,D:\SIH_Dataset\IDRID\A. Segmentation\A. Segmentation\1. Original Images\a. Training Set\IDRiD_48.jpg,TRAIN,4288,2848,3,D:\SIH_Dataset\IDRID\A. Segmentation\A. Segmentation\2. All Segmentation Groundtruths\a. Training Set\1. Microaneurysms\IDRiD_48_MA.tif,D:\SIH_Dataset\IDRID\A. Segmentation\A. Segmentation\2. All Segmentation Groundtruths\a. Training Set\2. Haemorrhages\IDRiD_48_HE.tif,D:\SIH_Dataset\IDRID\A. Segmentation\A. Segmentation\2. All Segmentation Groundtruths\a. Training Set\3. Hard Exudates\IDRiD_48_EX.tif,D:\SIH_Dataset\IDRID\A. Segmentation\A. Segmentation\2. All Segmentation Groundtruths\a. Training Set\4. Soft Exudates\IDRiD_48_SE.tif,D:\SIH_Dataset\IDRID\A. Segmentation\A. Segmentation\2. All Segmentation Groundtruths\a. Training Set\5. Optic Disc\IDRiD_48_OD.tif,1,1,1,1,1,22353,133197,154434,58746,218943
IDRiD_49,D:\SIH_Dataset\IDRID\A. Segmentation\A. Segmentation\1. Original Images\a. Training Set\IDRiD_49.jpg,TRAIN,4288,2848,3,D:\SIH_Dataset\IDRID\A. Segmentation\A. Segmentation\2. All Segmentation Groundtruths\a. Training Set\1. Microaneurysms\IDRiD_49_MA.tif,D:\SIH_Dataset\IDRID\A. Segmentation\A. Segmentation\2. All Segmentation Groundtruths\a. Training Set\2. Haemorrhages\IDRiD_49_HE.tif,D:\SIH_Dataset\IDRID\A. Segmentation\A. Segmentation\2. All Segmentation Groundtruths\a. Training Set\3. Hard Exudates\IDRiD_49_EX.tif,D:\SIH_Dataset\IDRID\A. Segmentation\A. Segmentation\2. All Segmentation Groundtruths\a. Training Set\4. Soft Exudates\IDRiD_49_SE.tif,D:\SIH_Dataset\IDRID\A. Segmentation\A. Segmentation\2. All Segmentation Groundtruths\a. Training Set\5. Optic Disc\IDRiD_49_OD.tif,1,1,1,1,1,16520,178309,221897,42441,178717
IDRiD_50,D:\SIH_Dataset\IDRID\A. Segmentation\A. Segmentation\1. Original Images\a. Training Set\IDRiD_50.jpg,TRAIN,4288,2848,3,D:\SIH_Dataset\IDRID\A. Segmentation\A. Segmentation\2. All Segmentation Groundtruths\a. Training Set\1. Microaneurysms\IDRiD_50_MA.tif,D:\SIH_Dataset\IDRID\A. Segmentation\A. Segmentation\2. All Segmentation Groundtruths\a. Training Set\2. Haemorrhages\IDRiD_50_HE.tif,D:\SIH_Dataset\IDRID\A. Segmentation\A. Segmentation\2. All Segmentation Groundtruths\a. Training Set\3. Hard Exudates\IDRiD_50_EX.tif,D:\SIH_Dataset\IDRID\A. Segmentation\A. Segmentation\2. All Segmentation Groundtruths\a. Training Set\4. Soft Exudates\IDRiD_50_SE.tif,D:\SIH_Dataset\IDRID\A. Segmentation\A. Segmentation\2. All Segmentation Groundtruths\a. Training Set\5. Optic Disc\IDRiD_50_OD.tif,1,1,1,1,1,5202,34176,120675,36775,182334
IDRiD_51,D:\SIH_Dataset\IDRID\A. Segmentation\A. Segmentation\1. Original Images\a. Training Set\IDRiD_51.jpg,TRAIN,4288,2848,3,D:\SIH_Dataset\IDRID\A. Segmentation\A. Segmentation\2. All Segmentation Groundtruths\a. Training Set\1. Microaneurysms\IDRiD_51_MA.tif,D:\SIH_Dataset\IDRID\A. Segmentation\A. Segmentation\2. All Segmentation Groundtruths\a. Training Set\2. Haemorrhages\IDRiD_51_HE.tif,D:\SIH_Dataset\IDRID\A. Segmentation\A. Segmentation\2. All Segmentation Groundtruths\a. Training Set\3. Hard Exudates\IDRiD_51_EX.tif,D:\SIH_Dataset\IDRID\A. Segmentation\A. Segmentation\2. All Segmentation Groundtruths\a. Training Set\4. Soft Exudates\IDRiD_51_SE.tif,D:\SIH_Dataset\IDRID\A. Segmentation\A. Segmentation\2. All Segmentation Groundtruths\a. Training Set\5. Optic Disc\IDRiD_51_OD.tif,1,1,1,1,1,14362,48296,19228,78562,223408
IDRiD_52,D:\SIH_Dataset\IDRID\A. Segmentation\A. Segmentation\1. Original Images\a. Training Set\IDRiD_52.jpg,TRAIN,4288,2848,3,D:\SIH_Dataset\IDRID\A. Segmentation\A. Segmentation\2. All Segmentation Groundtruths\a. Training Set\1. Microaneurysms\IDRiD_52_MA.tif,D:\SIH_Dataset\IDRID\A. Segmentation\A. Segmentation\2. All Segmentation Groundtruths\a. Training Set\2. Haemorrhages\IDRiD_52_HE.tif,D:\SIH_Dataset\IDRID\A. Segmentation\A. Segmentation\2. All Segmentation Groundtruths\a. Training Set\3. Hard Exudates\IDRiD_52_EX.tif,D:\SIH_Dataset\IDRID\A. Segmentation\A. Segmentation\2. All Segmentation Groundtruths\a. Training Set\4. Soft Exudates\IDRiD_52_SE.tif,D:\SIH_Dataset\IDRID\A. Segmentation\A. Segmentation\2. All Segmentation Groundtruths\a. Training Set\5. Optic Disc\IDRiD_52_OD.tif,1,1,1,1,1,6671,3354,2974,9750,240681
IDRiD_53,D:\SIH_Dataset\IDRID\A. Segmentation\A. Segmentation\1. Original Images\a. Training Set\IDRiD_53.jpg,TRAIN,4288,2848,3,D:\SIH_Dataset\IDRID\A. Segmentation\A. Segmentation\2. All Segmentation Groundtruths\a. Training Set\1. Microaneurysms\IDRiD_53_MA.tif,D:\SIH_Dataset\IDRID\A. Segmentation\A. Segmentation\2. All Segmentation Groundtruths\a. Training Set\2. Haemorrhages\IDRiD_53_HE.tif,D:\SIH_Dataset\IDRID\A. Segmentation\A. Segmentation\2. All Segmentation Groundtruths\a. Training Set\3. Hard Exudates\IDRiD_53_EX.tif,D:\SIH_Dataset\IDRID\A. Segmentation\A. Segmentation\2. All Segmentation Groundtruths\a. Training Set\4. Soft Exudates\IDRiD_53_SE.tif,D:\SIH_Dataset\IDRID\A. Segmentation\A. Segmentation\2. All Segmentation Groundtruths\a. Training Set\5. Optic Disc\IDRiD_53_OD.tif,1,1,1,1,1,26531,91360,10985,9022,192143
IDRiD_54,D:\SIH_Dataset\IDRID\A. Segmentation\A. Segmentation\1. Original Images\a. Training Set\IDRiD_54.jpg,TRAIN,4288,2848,3,D:\SIH_Dataset\IDRID\A. Segmentation\A. Segmentation\2. All Segmentation Groundtruths\a. Training Set\1. Microaneurysms\IDRiD_54_MA.tif,D:\SIH_Dataset\IDRID\A. Segmentation\A. Segmentation\2. All Segmentation Groundtruths\a. Training Set\2. Haemorrhages\IDRiD_54_HE.tif,D:\SIH_Dataset\IDRID\A. Segmentation\A. Segmentation\2. All Segmentation Groundtruths\a. Training Set\3. Hard Exudates\IDRiD_54_EX.tif,D:\SIH_Dataset\IDRID\A. Segmentation\A. Segmentation\2. All Segmentation Groundtruths\a. Training Set\4. Soft Exudates\IDRiD_54_SE.tif,D:\SIH_Dataset\IDRID\A. Segmentation\A. Segmentation\2. All Segmentation Groundtruths\a. Training Set\5. Optic Disc\IDRiD_54_OD.tif,1,1,1,1,1,24011,38734,9450,30804,197479
IDRiD_55,D:\SIH_Dataset\IDRID\A. Segmentation\A. Segmentation\1. Original Images\b. Testing Set\IDRiD_55.jpg,TEST,4288,2848,3,D:\SIH_Dataset\IDRID\A. Segmentation\A. Segmentation\2. All Segmentation Groundtruths\b. Testing Set\1. Microaneurysms\IDRiD_55_MA.tif,D:\SIH_Dataset\IDRID\A. Segmentation\A. Segmentation\2. All Segmentation Groundtruths\b. Testing Set\2. Haemorrhages\IDRiD_55_HE.tif,D:\SIH_Dataset\IDRID\A. Segmentation\A. Segmentation\2. All Segmentation Groundtruths\b. Testing Set\3. Hard Exudates\IDRiD_55_EX.tif,D:\SIH_Dataset\IDRID\A. Segmentation\A. Segmentation\2. All Segmentation Groundtruths\b. Testing Set\4. Soft Exudates\IDRiD_55_SE.tif,D:\SIH_Dataset\IDRID\A. Segmentation\A. Segmentation\2. All Segmentation Groundtruths\b. Testing Set\5. Optic Disc\IDRiD_55_OD.tif,1,1,1,1,1,10410,102377,497671,2832,184393
IDRiD_56,D:\SIH_Dataset\IDRID\A. Segmentation\A. Segmentation\1. Original Images\b. Testing Set\IDRiD_56.jpg,TEST,4288,2848,3,D:\SIH_Dataset\IDRID\A. Segmentation\A. Segmentation\2. All Segmentation Groundtruths\b. Testing Set\1. Microaneurysms\IDRiD_56_MA.tif,D:\SIH_Dataset\IDRID\A. Segmentation\A. Segmentation\2. All Segmentation Groundtruths\b. Testing Set\2. Haemorrhages\IDRiD_56_HE.tif,D:\SIH_Dataset\IDRID\A. Segmentation\A. Segmentation\2. All Segmentation Groundtruths\b. Testing Set\3. Hard Exudates\IDRiD_56_EX.tif,D:\SIH_Dataset\IDRID\A. Segmentation\A. Segmentation\2. All Segmentation Groundtruths\b. Testing Set\4. Soft Exudates\IDRiD_56_SE.tif,D:\SIH_Dataset\IDRID\A. Segmentation\A. Segmentation\2. All Segmentation Groundtruths\b. Testing Set\5. Optic Disc\IDRiD_56_OD.tif,1,1,1,1,1,10726,204479,13370,58393,174870
IDRiD_57,D:\SIH_Dataset\IDRID\A. Segmentation\A. Segmentation\1. Original Images\b. Testing Set\IDRiD_57.jpg,TEST,4288,2848,3,D:\SIH_Dataset\IDRID\A. Segmentation\A. Segmentation\2. All Segmentation Groundtruths\b. Testing Set\1. Microaneurysms\IDRiD_57_MA.tif,D:\SIH_Dataset\IDRID\A. Segmentation\A. Segmentation\2. All Segmentation Groundtruths\b. Testing Set\2. Haemorrhages\IDRiD_57_HE.tif,D:\SIH_Dataset\IDRID\A. Segmentation\A. Segmentation\2. All Segmentation Groundtruths\b. Testing Set\3. Hard Exudates\IDRiD_57_EX.tif,NA,D:\SIH_Dataset\IDRID\A. Segmentation\A. Segmentation\2. All Segmentation Groundtruths\b. Testing Set\5. Optic Disc\IDRiD_57_OD.tif,1,1,1,0,1,2101,2795,43380,0,231445
IDRiD_58,D:\SIH_Dataset\IDRID\A. Segmentation\A. Segmentation\1. Original Images\b. Testing Set\IDRiD_58.jpg,TEST,4288,2848,3,D:\SIH_Dataset\IDRID\A. Segmentation\A. Segmentation\2. All Segmentation Groundtruths\b. Testing Set\1. Microaneurysms\IDRiD_58_MA.tif,D:\SIH_Dataset\IDRID\A. Segmentation\A. Segmentation\2. All Segmentation Groundtruths\b. Testing Set\2. Haemorrhages\IDRiD_58_HE.tif,D:\SIH_Dataset\IDRID\A. Segmentation\A. Segmentation\2. All Segmentation Groundtruths\b. Testing Set\3. Hard Exudates\IDRiD_58_EX.tif,NA,D:\SIH_Dataset\IDRID\A. Segmentation\A. Segmentation\2. All Segmentation Groundtruths\b. Testing Set\5. Optic Disc\IDRiD_58_OD.tif,1,1,1,0,1,7408,80671,69235,0,246576
IDRiD_59,D:\SIH_Dataset\IDRID\A. Segmentation\A. Segmentation\1. Original Images\b. Testing Set\IDRiD_59.jpg,TEST,4288,2848,3,D:\SIH_Dataset\IDRID\A. Segmentation\A. Segmentation\2. All Segmentation Groundtruths\b. Testing Set\1. Microaneurysms\IDRiD_59_MA.tif,D:\SIH_Dataset\IDRID\A. Segmentation\A. Segmentation\2. All Segmentation Groundtruths\b. Testing Set\2. Haemorrhages\IDRiD_59_HE.tif,D:\SIH_Dataset\IDRID\A. Segmentation\A. Segmentation\2. All Segmentation Groundtruths\b. Testing Set\3. Hard Exudates\IDRiD_59_EX.tif,D:\SIH_Dataset\IDRID\A. Segmentation\A. Segmentation\2. All Segmentation Groundtruths\b. Testing Set\4. Soft Exudates\IDRiD_59_SE.tif,D:\SIH_Dataset\IDRID\A. Segmentation\A. Segmentation\2. All Segmentation Groundtruths\b. Testing Set\5. Optic Disc\IDRiD_59_OD.tif,1,1,1,1,1,11551,72209,89348,175600,250163
IDRiD_60,D:\SIH_Dataset\IDRID\A. Segmentation\A. Segmentation\1. Original Images\b. Testing Set\IDRiD_60.jpg,TEST,4288,2848,3,D:\SIH_Dataset\IDRID\A. Segmentation\A. Segmentation\2. All Segmentation Groundtruths\b. Testing Set\1. Microaneurysms\IDRiD_60_MA.tif,D:\SIH_Dataset\IDRID\A. Segmentation\A. Segmentation\2. All Segmentation Groundtruths\b. Testing Set\2. Haemorrhages\IDRiD_60_HE.tif,D:\SIH_Dataset\IDRID\A. Segmentation\A. Segmentation\2. All Segmentation Groundtruths\b. Testing Set\3. Hard Exudates\IDRiD_60_EX.tif,D:\SIH_Dataset\IDRID\A. Segmentation\A. Segmentation\2. All Segmentation Groundtruths\b. Testing Set\4. Soft Exudates\IDRiD_60_SE.tif,D:\SIH_Dataset\IDRID\A. Segmentation\A. Segmentation\2. All Segmentation Groundtruths\b. Testing Set\5. Optic Disc\IDRiD_60_OD.tif,1,1,1,1,1,10137,39814,52629,79936,271026
IDRiD_61,D:\SIH_Dataset\IDRID\A. Segmentation\A. Segmentation\1. Original Images\b. Testing Set\IDRiD_61.jpg,TEST,4288,2848,3,D:\SIH_Dataset\IDRID\A. Segmentation\A. Segmentation\2. All Segmentation Groundtruths\b. Testing Set\1. Microaneurysms\IDRiD_61_MA.tif,D:\SIH_Dataset\IDRID\A. Segmentation\A. Segmentation\2. All Segmentation Groundtruths\b. Testing Set\2. Haemorrhages\IDRiD_61_HE.tif,D:\SIH_Dataset\IDRID\A. Segmentation\A. Segmentation\2. All Segmentation Groundtruths\b. Testing Set\3. Hard Exudates\IDRiD_61_EX.tif,D:\SIH_Dataset\IDRID\A. Segmentation\A. Segmentation\2. All Segmentation Groundtruths\b. Testing Set\4. Soft Exudates\IDRiD_61_SE.tif,D:\SIH_Dataset\IDRID\A. Segmentation\A. Segmentation\2. All Segmentation Groundtruths\b. Testing Set\5. Optic Disc\IDRiD_61_OD.tif,1,1,1,1,1,18568,1186642,32900,17787,221949
IDRiD_62,D:\SIH_Dataset\IDRID\A. Segmentation\A. Segmentation\1. Original Images\b. Testing Set\IDRiD_62.jpg,TEST,4288,2848,3,D:\SIH_Dataset\IDRID\A. Segmentation\A. Segmentation\2. All Segmentation Groundtruths\b. Testing Set\1. Microaneurysms\IDRiD_62_MA.tif,D:\SIH_Dataset\IDRID\A. Segmentation\A. Segmentation\2. All Segmentation Groundtruths\b. Testing Set\2. Haemorrhages\IDRiD_62_HE.tif,D:\SIH_Dataset\IDRID\A. Segmentation\A. Segmentation\2. All Segmentation Groundtruths\b. Testing Set\3. Hard Exudates\IDRiD_62_EX.tif,NA,D:\SIH_Dataset\IDRID\A. Segmentation\A. Segmentation\2. All Segmentation Groundtruths\b. Testing Set\5. Optic Disc\IDRiD_62_OD.tif,1,1,1,0,1,3233,10829,44427,0,167620
IDRiD_63,D:\SIH_Dataset\IDRID\A. Segmentation\A. Segmentation\1. Original Images\b. Testing Set\IDRiD_63.jpg,TEST,4288,2848,3,D:\SIH_Dataset\IDRID\A. Segmentation\A. Segmentation\2. All Segmentation Groundtruths\b. Testing Set\1. Microaneurysms\IDRiD_63_MA.tif,D:\SIH_Dataset\IDRID\A. Segmentation\A. Segmentation\2. All Segmentation Groundtruths\b. Testing Set\2. Haemorrhages\IDRiD_63_HE.tif,D:\SIH_Dataset\IDRID\A. Segmentation\A. Segmentation\2. All Segmentation Groundtruths\b. Testing Set\3. Hard Exudates\IDRiD_63_EX.tif,NA,D:\SIH_Dataset\IDRID\A. Segmentation\A. Segmentation\2. All Segmentation Groundtruths\b. Testing Set\5. Optic Disc\IDRiD_63_OD.tif,1,1,1,0,1,2173,12603,92542,0,281077
IDRiD_64,D:\SIH_Dataset\IDRID\A. Segmentation\A. Segmentation\1. Original Images\b. Testing Set\IDRiD_64.jpg,TEST,4288,2848,3,D:\SIH_Dataset\IDRID\A. Segmentation\A. Segmentation\2. All Segmentation Groundtruths\b. Testing Set\1. Microaneurysms\IDRiD_64_MA.tif,D:\SIH_Dataset\IDRID\A. Segmentation\A. Segmentation\2. All Segmentation Groundtruths\b. Testing Set\2. Haemorrhages\IDRiD_64_HE.tif,D:\SIH_Dataset\IDRID\A. Segmentation\A. Segmentation\2. All Segmentation Groundtruths\b. Testing Set\3. Hard Exudates\IDRiD_64_EX.tif,D:\SIH_Dataset\IDRID\A. Segmentation\A. Segmentation\2. All Segmentation Groundtruths\b. Testing Set\4. Soft Exudates\IDRiD_64_SE.tif,D:\SIH_Dataset\IDRID\A. Segmentation\A. Segmentation\2. All Segmentation Groundtruths\b. Testing Set\5. Optic Disc\IDRiD_64_OD.tif,1,1,1,1,1,12343,23818,68089,40473,282939
IDRiD_65,D:\SIH_Dataset\IDRID\A. Segmentation\A. Segmentation\1. Original Images\b. Testing Set\IDRiD_65.jpg,TEST,4288,2848,3,D:\SIH_Dataset\IDRID\A. Segmentation\A. Segmentation\2. All Segmentation Groundtruths\b. Testing Set\1. Microaneurysms\IDRiD_65_MA.tif,D:\SIH_Dataset\IDRID\A. Segmentation\A. Segmentation\2. All Segmentation Groundtruths\b. Testing Set\2. Haemorrhages\IDRiD_65_HE.tif,D:\SIH_Dataset\IDRID\A. Segmentation\A. Segmentation\2. All Segmentation Groundtruths\b. Testing Set\3. Hard Exudates\IDRiD_65_EX.tif,NA,D:\SIH_Dataset\IDRID\A. Segmentation\A. Segmentation\2. All Segmentation Groundtruths\b. Testing Set\5. Optic Disc\IDRiD_65_OD.tif,1,1,1,0,1,16973,42485,70528,0,235581
IDRiD_66,D:\SIH_Dataset\IDRID\A. Segmentation\A. Segmentation\1. Original Images\b. Testing Set\IDRiD_66.jpg,TEST,4288,2848,3,D:\SIH_Dataset\IDRID\A. Segmentation\A. Segmentation\2. All Segmentation Groundtruths\b. Testing Set\1. Microaneurysms\IDRiD_66_MA.tif,D:\SIH_Dataset\IDRID\A. Segmentation\A. Segmentation\2. All Segmentation Groundtruths\b. Testing Set\2. Haemorrhages\IDRiD_66_HE.tif,D:\SIH_Dataset\IDRID\A. Segmentation\A. Segmentation\2. All Segmentation Groundtruths\b. Testing Set\3. Hard Exudates\IDRiD_66_EX.tif,NA,D:\SIH_Dataset\IDRID\A. Segmentation\A. Segmentation\2. All Segmentation Groundtruths\b. Testing Set\5. Optic Disc\IDRiD_66_OD.tif,1,1,1,0,1,9144,24156,917148,0,196717
IDRiD_67,D:\SIH_Dataset\IDRID\A. Segmentation\A. Segmentation\1. Original Images\b. Testing Set\IDRiD_67.jpg,TEST,4288,2848,3,D:\SIH_Dataset\IDRID\A. Segmentation\A. Segmentation\2. All Segmentation Groundtruths\b. Testing Set\1. Microaneurysms\IDRiD_67_MA.tif,D:\SIH_Dataset\IDRID\A. Segmentation\A. Segmentation\2. All Segmentation Groundtruths\b. Testing Set\2. Haemorrhages\IDRiD_67_HE.tif,D:\SIH_Dataset\IDRID\A. Segmentation\A. Segmentation\2. All Segmentation Groundtruths\b. Testing Set\3. Hard Exudates\IDRiD_67_EX.tif,D:\SIH_Dataset\IDRID\A. Segmentation\A. Segmentation\2. All Segmentation Groundtruths\b. Testing Set\4. Soft Exudates\IDRiD_67_SE.tif,D:\SIH_Dataset\IDRID\A. Segmentation\A. Segmentation\2. All Segmentation Groundtruths\b. Testing Set\5. Optic Disc\IDRiD_67_OD.tif,1,1,1,1,1,13242,329922,31950,38602,208222
IDRiD_68,D:\SIH_Dataset\IDRID\A. Segmentation\A. Segmentation\1. Original Images\b. Testing Set\IDRiD_68.jpg,TEST,4288,2848,3,D:\SIH_Dataset\IDRID\A. Segmentation\A. Segmentation\2. All Segmentation Groundtruths\b. Testing Set\1. Microaneurysms\IDRiD_68_MA.tif,D:\SIH_Dataset\IDRID\A. Segmentation\A. Segmentation\2. All Segmentation Groundtruths\b. Testing Set\2. Haemorrhages\IDRiD_68_HE.tif,D:\SIH_Dataset\IDRID\A. Segmentation\A. Segmentation\2. All Segmentation Groundtruths\b. Testing Set\3. Hard Exudates\IDRiD_68_EX.tif,D:\SIH_Dataset\IDRID\A. Segmentation\A. Segmentation\2. All Segmentation Groundtruths\b. Testing Set\4. Soft Exudates\IDRiD_68_SE.tif,D:\SIH_Dataset\IDRID\A. Segmentation\A. Segmentation\2. All Segmentation Groundtruths\b. Testing Set\5. Optic Disc\IDRiD_68_OD.tif,1,1,1,1,1,7450,296560,18689,68865,192203
IDRiD_69,D:\SIH_Dataset\IDRID\A. Segmentation\A. Segmentation\1. Original Images\b. Testing Set\IDRiD_69.jpg,TEST,4288,2848,3,D:\SIH_Dataset\IDRID\A. Segmentation\A. Segmentation\2. All Segmentation Groundtruths\b. Testing Set\1. Microaneurysms\IDRiD_69_MA.tif,D:\SIH_Dataset\IDRID\A. Segmentation\A. Segmentation\2. All Segmentation Groundtruths\b. Testing Set\2. Haemorrhages\IDRiD_69_HE.tif,D:\SIH_Dataset\IDRID\A. Segmentation\A. Segmentation\2. All Segmentation Groundtruths\b. Testing Set\3. Hard Exudates\IDRiD_69_EX.tif,NA,D:\SIH_Dataset\IDRID\A. Segmentation\A. Segmentation\2. All Segmentation Groundtruths\b. Testing Set\5. Optic Disc\IDRiD_69_OD.tif,1,1,1,0,1,10767,292747,57400,0,195739
IDRiD_70,D:\SIH_Dataset\IDRID\A. Segmentation\A. Segmentation\1. Original Images\b. Testing Set\IDRiD_70.jpg,TEST,4288,2848,3,D:\SIH_Dataset\IDRID\A. Segmentation\A. Segmentation\2. All Segmentation Groundtruths\b. Testing Set\1. Microaneurysms\IDRiD_70_MA.tif,D:\SIH_Dataset\IDRID\A. Segmentation\A. Segmentation\2. All Segmentation Groundtruths\b. Testing Set\2. Haemorrhages\IDRiD_70_HE.tif,D:\SIH_Dataset\IDRID\A. Segmentation\A. Segmentation\2. All Segmentation Groundtruths\b. Testing Set\3. Hard Exudates\IDRiD_70_EX.tif,D:\SIH_Dataset\IDRID\A. Segmentation\A. Segmentation\2. All Segmentation Groundtruths\b. Testing Set\4. Soft Exudates\IDRiD_70_SE.tif,D:\SIH_Dataset\IDRID\A. Segmentation\A. Segmentation\2. All Segmentation Groundtruths\b. Testing Set\5. Optic Disc\IDRiD_70_OD.tif,1,1,1,1,1,8693,101922,62285,21717,221207
IDRiD_71,D:\SIH_Dataset\IDRID\A. Segmentation\A. Segmentation\1. Original Images\b. Testing Set\IDRiD_71.jpg,TEST,4288,2848,3,D:\SIH_Dataset\IDRID\A. Segmentation\A. Segmentation\2. All Segmentation Groundtruths\b. Testing Set\1. Microaneurysms\IDRiD_71_MA.tif,D:\SIH_Dataset\IDRID\A. Segmentation\A. Segmentation\2. All Segmentation Groundtruths\b. Testing Set\2. Haemorrhages\IDRiD_71_HE.tif,D:\SIH_Dataset\IDRID\A. Segmentation\A. Segmentation\2. All Segmentation Groundtruths\b. Testing Set\3. Hard Exudates\IDRiD_71_EX.tif,D:\SIH_Dataset\IDRID\A. Segmentation\A. Segmentation\2. All Segmentation Groundtruths\b. Testing Set\4. Soft Exudates\IDRiD_71_SE.tif,D:\SIH_Dataset\IDRID\A. Segmentation\A. Segmentation\2. All Segmentation Groundtruths\b. Testing Set\5. Optic Disc\IDRiD_71_OD.tif,1,1,1,1,1,21182,50940,282256,18081,182258
IDRiD_72,D:\SIH_Dataset\IDRID\A. Segmentation\A. Segmentation\1. Original Images\b. Testing Set\IDRiD_72.jpg,TEST,4288,2848,3,D:\SIH_Dataset\IDRID\A. Segmentation\A. Segmentation\2. All Segmentation Groundtruths\b. Testing Set\1. Microaneurysms\IDRiD_72_MA.tif,D:\SIH_Dataset\IDRID\A. Segmentation\A. Segmentation\2. All Segmentation Groundtruths\b. Testing Set\2. Haemorrhages\IDRiD_72_HE.tif,D:\SIH_Dataset\IDRID\A. Segmentation\A. Segmentation\2. All Segmentation Groundtruths\b. Testing Set\3. Hard Exudates\IDRiD_72_EX.tif,D:\SIH_Dataset\IDRID\A. Segmentation\A. Segmentation\2. All Segmentation Groundtruths\b. Testing Set\4. Soft Exudates\IDRiD_72_SE.tif,D:\SIH_Dataset\IDRID\A. Segmentation\A. Segmentation\2. All Segmentation Groundtruths\b. Testing Set\5. Optic Disc\IDRiD_72_OD.tif,1,1,1,1,1,8355,8454,164636,16079,168797
IDRiD_73,D:\SIH_Dataset\IDRID\A. Segmentation\A. Segmentation\1. Original Images\b. Testing Set\IDRiD_73.jpg,TEST,4288,2848,3,D:\SIH_Dataset\IDRID\A. Segmentation\A. Segmentation\2. All Segmentation Groundtruths\b. Testing Set\1. Microaneurysms\IDRiD_73_MA.tif,D:\SIH_Dataset\IDRID\A. Segmentation\A. Segmentation\2. All Segmentation Groundtruths\b. Testing Set\2. Haemorrhages\IDRiD_73_HE.tif,D:\SIH_Dataset\IDRID\A. Segmentation\A. Segmentation\2. All Segmentation Groundtruths\b. Testing Set\3. Hard Exudates\IDRiD_73_EX.tif,D:\SIH_Dataset\IDRID\A. Segmentation\A. Segmentation\2. All Segmentation Groundtruths\b. Testing Set\4. Soft Exudates\IDRiD_73_SE.tif,D:\SIH_Dataset\IDRID\A. Segmentation\A. Segmentation\2. All Segmentation Groundtruths\b. Testing Set\5. Optic Disc\IDRiD_73_OD.tif,1,1,1,1,1,10305,25636,10821,31729,244291
IDRiD_74,D:\SIH_Dataset\IDRID\A. Segmentation\A. Segmentation\1. Original Images\b. Testing Set\IDRiD_74.jpg,TEST,4288,2848,3,D:\SIH_Dataset\IDRID\A. Segmentation\A. Segmentation\2. All Segmentation Groundtruths\b. Testing Set\1. Microaneurysms\IDRiD_74_MA.tif,D:\SIH_Dataset\IDRID\A. Segmentation\A. Segmentation\2. All Segmentation Groundtruths\b. Testing Set\2. Haemorrhages\IDRiD_74_HE.tif,D:\SIH_Dataset\IDRID\A. Segmentation\A. Segmentation\2. All Segmentation Groundtruths\b. Testing Set\3. Hard Exudates\IDRiD_74_EX.tif,D:\SIH_Dataset\IDRID\A. Segmentation\A. Segmentation\2. All Segmentation Groundtruths\b. Testing Set\4. Soft Exudates\IDRiD_74_SE.tif,D:\SIH_Dataset\IDRID\A. Segmentation\A. Segmentation\2. All Segmentation Groundtruths\b. Testing Set\5. Optic Disc\IDRiD_74_OD.tif,1,1,1,1,1,17343,101462,26025,11730,148371
IDRiD_75,D:\SIH_Dataset\IDRID\A. Segmentation\A. Segmentation\1. Original Images\b. Testing Set\IDRiD_75.jpg,TEST,4288,2848,3,D:\SIH_Dataset\IDRID\A. Segmentation\A. Segmentation\2. All Segmentation Groundtruths\b. Testing Set\1. Microaneurysms\IDRiD_75_MA.tif,D:\SIH_Dataset\IDRID\A. Segmentation\A. Segmentation\2. All Segmentation Groundtruths\b. Testing Set\2. Haemorrhages\IDRiD_75_HE.tif,D:\SIH_Dataset\IDRID\A. Segmentation\A. Segmentation\2. All Segmentation Groundtruths\b. Testing Set\3. Hard Exudates\IDRiD_75_EX.tif,D:\SIH_Dataset\IDRID\A. Segmentation\A. Segmentation\2. All Segmentation Groundtruths\b. Testing Set\4. Soft Exudates\IDRiD_75_SE.tif,D:\SIH_Dataset\IDRID\A. Segmentation\A. Segmentation\2. All Segmentation Groundtruths\b. Testing Set\5. Optic Disc\IDRiD_75_OD.tif,1,1,1,1,1,25490,144770,20253,14068,153862
IDRiD_76,D:\SIH_Dataset\IDRID\A. Segmentation\A. Segmentation\1. Original Images\b. Testing Set\IDRiD_76.jpg,TEST,4288,2848,3,D:\SIH_Dataset\IDRID\A. Segmentation\A. Segmentation\2. All Segmentation Groundtruths\b. Testing Set\1. Microaneurysms\IDRiD_76_MA.tif,D:\SIH_Dataset\IDRID\A. Segmentation\A. Segmentation\2. All Segmentation Groundtruths\b. Testing Set\2. Haemorrhages\IDRiD_76_HE.tif,D:\SIH_Dataset\IDRID\A. Segmentation\A. Segmentation\2. All Segmentation Groundtruths\b. Testing Set\3. Hard Exudates\IDRiD_76_EX.tif,NA,D:\SIH_Dataset\IDRID\A. Segmentation\A. Segmentation\2. All Segmentation Groundtruths\b. Testing Set\5. Optic Disc\IDRiD_76_OD.tif,1,1,1,0,1,25151,81162,71267,0,214117
IDRiD_77,D:\SIH_Dataset\IDRID\A. Segmentation\A. Segmentation\1. Original Images\b. Testing Set\IDRiD_77.jpg,TEST,4288,2848,3,D:\SIH_Dataset\IDRID\A. Segmentation\A. Segmentation\2. All Segmentation Groundtruths\b. Testing Set\1. Microaneurysms\IDRiD_77_MA.tif,D:\SIH_Dataset\IDRID\A. Segmentation\A. Segmentation\2. All Segmentation Groundtruths\b. Testing Set\2. Haemorrhages\IDRiD_77_HE.tif,D:\SIH_Dataset\IDRID\A. Segmentation\A. Segmentation\2. All Segmentation Groundtruths\b. Testing Set\3. Hard Exudates\IDRiD_77_EX.tif,NA,D:\SIH_Dataset\IDRID\A. Segmentation\A. Segmentation\2. All Segmentation Groundtruths\b. Testing Set\5. Optic Disc\IDRiD_77_OD.tif,1,1,1,0,1,12850,37789,99236,0,203117
IDRiD_78,D:\SIH_Dataset\IDRID\A. Segmentation\A. Segmentation\1. Original Images\b. Testing Set\IDRiD_78.jpg,TEST,4288,2848,3,D:\SIH_Dataset\IDRID\A. Segmentation\A. Segmentation\2. All Segmentation Groundtruths\b. Testing Set\1. Microaneurysms\IDRiD_78_MA.tif,D:\SIH_Dataset\IDRID\A. Segmentation\A. Segmentation\2. All Segmentation Groundtruths\b. Testing Set\2. Haemorrhages\IDRiD_78_HE.tif,D:\SIH_Dataset\IDRID\A. Segmentation\A. Segmentation\2. All Segmentation Groundtruths\b. Testing Set\3. Hard Exudates\IDRiD_78_EX.tif,NA,D:\SIH_Dataset\IDRID\A. Segmentation\A. Segmentation\2. All Segmentation Groundtruths\b. Testing Set\5. Optic Disc\IDRiD_78_OD.tif,1,1,1,0,1,14364,64753,94566,0,231959
IDRiD_79,D:\SIH_Dataset\IDRID\A. Segmentation\A. Segmentation\1. Original Images\b. Testing Set\IDRiD_79.jpg,TEST,4288,2848,3,D:\SIH_Dataset\IDRID\A. Segmentation\A. Segmentation\2. All Segmentation Groundtruths\b. Testing Set\1. Microaneurysms\IDRiD_79_MA.tif,D:\SIH_Dataset\IDRID\A. Segmentation\A. Segmentation\2. All Segmentation Groundtruths\b. Testing Set\2. Haemorrhages\IDRiD_79_HE.tif,D:\SIH_Dataset\IDRID\A. Segmentation\A. Segmentation\2. All Segmentation Groundtruths\b. Testing Set\3. Hard Exudates\IDRiD_79_EX.tif,NA,D:\SIH_Dataset\IDRID\A. Segmentation\A. Segmentation\2. All Segmentation Groundtruths\b. Testing Set\5. Optic Disc\IDRiD_79_OD.tif,1,1,1,0,1,20921,114139,327387,0,192370
IDRiD_80,D:\SIH_Dataset\IDRID\A. Segmentation\A. Segmentation\1. Original Images\b. Testing Set\IDRiD_80.jpg,TEST,4288,2848,3,D:\SIH_Dataset\IDRID\A. Segmentation\A. Segmentation\2. All Segmentation Groundtruths\b. Testing Set\1. Microaneurysms\IDRiD_80_MA.tif,D:\SIH_Dataset\IDRID\A. Segmentation\A. Segmentation\2. All Segmentation Groundtruths\b. Testing Set\2. Haemorrhages\IDRiD_80_HE.tif,D:\SIH_Dataset\IDRID\A. Segmentation\A. Segmentation\2. All Segmentation Groundtruths\b. Testing Set\3. Hard Exudates\IDRiD_80_EX.tif,NA,D:\SIH_Dataset\IDRID\A. Segmentation\A. Segmentation\2. All Segmentation Groundtruths\b. Testing Set\5. Optic Disc\IDRiD_80_OD.tif,1,1,1,0,1,689,17227,6964,0,194183
IDRiD_81,D:\SIH_Dataset\IDRID\A. Segmentation\A. Segmentation\1. Original Images\b. Testing Set\IDRiD_81.jpg,TEST,4288,2848,3,D:\SIH_Dataset\IDRID\A. Segmentation\A. Segmentation\2. All Segmentation Groundtruths\b. Testing Set\1. Microaneurysms\IDRiD_81_MA.tif,D:\SIH_Dataset\IDRID\A. Segmentation\A. Segmentation\2. All Segmentation Groundtruths\b. Testing Set\2. Haemorrhages\IDRiD_81_HE.tif,D:\SIH_Dataset\IDRID\A. Segmentation\A. Segmentation\2. All Segmentation Groundtruths\b. Testing Set\3. Hard Exudates\IDRiD_81_EX.tif,NA,D:\SIH_Dataset\IDRID\A. Segmentation\A. Segmentation\2. All Segmentation Groundtruths\b. Testing Set\5. Optic Disc\IDRiD_81_OD.tif,1,1,1,0,1,12327,46158,12525142,0,213642
